SatisfactionCategory,AvgSpent
High,139.7403846153846
Low,176.6677505636854
Medium,156.377819417678
